Grand Prix,No. of Drivers Started
Gran Premio de Argentina 1958,10
1951 Belgian Grand Prix,13
1955 Belgian Grand Prix,13
Gran Premio de Argentina 1956,13
Gran Premio de Espana 1968,13
Grand Prix de France 1969,13
1950 Belgian Grand Prix,14
1954 Belgian Grand Prix,14
Gran Premio de Argentina 1957,14
Gran Premio de Espana 1969,14
Gran Premio di San Marino 1982,14
Grand Prix de Monaco 1956,14
1956 Belgian Grand Prix,15
1966 Belgian Grand Prix,15
Gran Premio d'Italia 1969,15
Grand Prix de France 1957,15
Grand Prix de France 1967,15
Grand Prix de Monaco 1963,15
Grande Premio de Portugal 1958,15
Grande Premio de Portugal 1960,15
Grosser Preis von Deutschland 1959,15
Grote Prijs van Nederland 1959,15
Grote Prijs van Nederland 1961,15
Grote Prijs van Nederland 1969,15
Gran Premio d'Italia 1960,16
Gran Premio de Argentina 1953,16
Gran Premio di Pescara 1957,16
Grand Prix de Monaco 1957,16
Grand Prix de Monaco 1958,16
Grand Prix de Monaco 1959,16
Grand Prix de Monaco 1960,16
Grand Prix de Monaco 1961,16
Grand Prix de Monaco 1962,16
Grand Prix de Monaco 1964,16
Grand Prix de Monaco 1965,16
Grand Prix de Monaco 1966,16
Grand Prix de Monaco 1967,16
Grand Prix de Monaco 1968,16
Grand Prix de Monaco 1969,16
Grand Prix de Monaco 1970,16
Grande Premio de Portugal 1959,16
Grosser Preis der Schweiz 1954,16
Grote Prijs van Nederland 1955,16
1960 Belgian Grand Prix,17
1969 RAC British Grand Prix,17
1970 Belgian Grand Prix,17
2015 Formula 1 Rolex Australian Grand Prix,17
Gran Premio de Espana 1970,17
Gran Premio de Mexico 1965,17
Gran Premio de Mexico 1969,17
Grand Prix de France 1962,17
Grand Prix de France 1964,17
Grand Prix de France 1965,17
Grand Prix de France 1966,17
Grand Prix de France 1968,17
Grote Prijs van Nederland 1958,17
Grote Prijs van Nederland 1960,17
Grote Prijs van Nederland 1965,17
Grote Prijs van Nederland 1966,17
Grote Prijs van Nederland 1967,17
Player's Canadian Grand Prix 1967,17
South African Grand Prix 1962,17
1962 United States Grand Prix,18
1964 Belgian Grand Prix,18
1965 United States Grand Prix,18
1967 Belgian Grand Prix,18
1967 United States Grand Prix,18
1968 Belgian Grand Prix,18
1969 United States Grand Prix,18
2014 Formula 1 United States Grand Prix,18
Formula 1 Gran Premio Marlboro de Espana 2005,18
Formula 1 Grand Prix de Monaco 2005,18
Formula 1 Grande Premio Petrobras do Brasil 2014,18
Formula 1 stc Saudi Arabian Grand Prix 2022,18
Gran Premio d'Italia 1957,18
Gran Premio d'Italia 1967,18
Gran Premio de Argentina 1954,18
Gran Premio de Mexico 1966,18
Gran Premio de Mexico 1970,18
Grand Prix de France 1950,18
Grand Prix de Monaco 1971,18
Grand Prix de Monaco 1975,18
Grosser Preis der Schweiz 1950,18
Grote Prijs van Nederland 1952,18
Grote Prijs van Nederland 1964,18
South African Grand Prix 1967,18
South African Grand Prix 1969,18
1957 RAC British Grand Prix,19
1958 Belgian Grand Prix,19
1959 United States Grand Prix,19
1961 United States Grand Prix,19
1962 Belgian Grand Prix,19
1964 United States Grand Prix,19
1965 Belgian Grand Prix,19
1966 United States Grand Prix,19
1996 Belgian Grand Prix,19
1996 Fuji Television Japanese Grand Prix,19
2002 Fuji Television Japanese Grand Prix,19
2009 Formula 1 Fuji Television Japanese Grand Prix,19
Formula 1 Aramco Gran Premio de Espana 2025,19
Formula 1 Etihad Airways Abu Dhabi Grand Prix 2021,19
Formula 1 Grand Prix de Monaco 2021,19
Formula 1 Heineken Gran Premio d'Italia 2021,19
Formula 1 ING Magyar Nagydij 2009,19
Formula 1 MSC Cruises Austrian Grand Prix 2025,19
Formula 1 Pirelli Gran Premio d'Italia 2023,19
Formula 1 Pirelli Gran Premio d'Italia 2025,19
Formula 1 Qatar Airways Qatar Grand Prix 2023,19
Formula 1 Rolex Australian Grand Prix 2024,19
Formula 1 Rolex Belgian Grand Prix 2020,19
Formula 1 Singapore Airlines Singapore Grand Prix 2023,19
Gran Premio de Argentina 1973,19
Gran Premio de Mexico 1964,19
Gran Premio de Mexico 1967,19
Grand Prix de France 1963,19
Grand Prix de Monaco 1984,19
Grand Prix de Monaco 2003,19
Grosser Mobil 1 Preis von Deutschland 1996,19
Grosser Preis von Deutschland 1965,19
Grote Prijs van Nederland 1953,19
Grote Prijs van Nederland 1963,19
Grote Prijs van Nederland 1968,19
Mobil 1 Grand Prix de France 2002,19
1951 RAC British Grand Prix,20
1953 Belgian Grand Prix,20
1958 RAC British Grand Prix,20
1963 Belgian Grand Prix,20
1966 RAC British Grand Prix,20
1968 RAC British Grand Prix,20
1968 United States Grand Prix,20
1976 Long Beach Grand Prix,20
1996 Grand Prix of Europe,20
1996 RAC British Grand Prix,20
1996 Transurban Australian Grand Prix,20
2002 Foster's Belgian Grand Prix,20
2002 SAP United States Grand Prix,20
2003 Allianz Grand Prix of Europe,20
2003 Foster's Australian Grand Prix,20
2003 Foster's British Grand Prix,20
2003 Fuji Television Japanese Grand Prix,20
2003 Petronas Malaysian Grand Prix,20
2003 SAP United States Grand Prix,20
2004 Formula 1 Allianz Grand Prix of Europe,20
2004 Formula 1 Belgian Grand Prix,20
2004 Formula 1 Foster's British Grand Prix,20
2004 Formula 1 Fuji Television Japanese Grand Prix,20
2004 Formula 1 Sinopec Chinese Grand Prix,20
2004 Formula 1 United States Grand Prix,20
2004 Foster's Australian Grand Prix,20
2004 Gulf Air Bahrain Grand Prix,20
2004 Petronas Malaysian Grand Prix,20
2005 Formula 1 Belgian Grand Prix,20
2005 Formula 1 Foster's Australian Grand Prix,20
2005 Formula 1 Foster's British Grand Prix,20
2005 Formula 1 Fuji Television Japanese Grand Prix,20
2005 Formula 1 Grand Prix of Europe,20
2005 Formula 1 Gulf Air Bahrain Grand Prix,20
2005 Formula 1 Petronas Malaysian Grand Prix,20
2005 Formula 1 Sinopec Chinese Grand Prix,20
2005 Formula 1 Turkish Grand Prix,20
2005 Foster's United States Grand Prix,20
2008 Formula 1 Fuji Television Japanese Grand Prix,20
2008 Formula 1 ING Belgian Grand Prix,20
2008 Formula 1 Petrol Ofisi Turkish Grand Prix,20
2008 Formula 1 Santander British Grand Prix,20
2008 Formula 1 SingTel Singapore Grand Prix,20
2008 Formula 1 Sinopec Chinese Grand Prix,20
2008 Formula 1 Telefonica Grand Prix of Europe,20
2009 Formula 1 Chinese Grand Prix,20
2009 Formula 1 Etihad Airways Abu Dhabi Grand Prix,20
2009 Formula 1 Gulf Air Bahrain Grand Prix,20
2009 Formula 1 ING Australian Grand Prix,20
2009 Formula 1 ING Belgian Grand Prix,20
2009 Formula 1 ING Turkish Grand Prix,20
2009 Formula 1 Petronas Malaysian Grand Prix,20
2009 Formula 1 Santander British Grand Prix,20
2009 Formula 1 SingTel Singapore Grand Prix,20
2009 Formula 1 Telefonica Grand Prix of Europe,20
2014 Formula 1 Etihad Airways Abu Dhabi Grand Prix,20
2015 Formula 1 British Grand Prix,20
2015 Formula 1 Chinese Grand Prix,20
2015 Formula 1 Etihad Airways Abu Dhabi Grand Prix,20
2015 Formula 1 Gulf Air Bahrain Grand Prix,20
2015 Formula 1 Japanese Grand Prix,20
2015 Formula 1 Petronas Malaysia Grand Prix,20
2015 Formula 1 Russian Grand Prix,20
2015 Formula 1 Shell Belgian Grand Prix,20
2015 Formula 1 Singapore Airlines Singapore Grand Prix,20
2015 Formula 1 United States Grand Prix,20
2017 Formula 1 Etihad Airways Abu Dhabi Grand Prix,20
2017 Formula 1 Gulf Air Bahrain Grand Prix,20
2017 Formula 1 Heineken Chinese Grand Prix,20
2017 Formula 1 Japanese Grand Prix,20
2017 Formula 1 Petronas Malaysia Grand Prix,20
2017 Formula 1 Pirelli Belgian Grand Prix,20
2017 Formula 1 Rolex Australian Grand Prix,20
2017 Formula 1 Rolex British Grand Prix,20
2017 Formula 1 Singapore Airlines Singapore Grand Prix,20
2017 Formula 1 United States Grand Prix,20
2017 Formula 1 VTB Russian Grand Prix,20
A1 Grand Prix von Osterreich 2003,20
Emirates Formula 1 70th Anniversary Grand Prix 2020,20
Formula 1 2018 Etihad Airways Abu Dhabi Grand Prix,20
Formula 1 2018 Gulf Air Bahrain Grand Prix,20
Formula 1 2018 Heineken Chinese Grand Prix,20
Formula 1 2018 Honda Japanese Grand Prix,20
Formula 1 2018 Johnnie Walker Belgian Grand Prix,20
Formula 1 2018 Rolex Australian Grand Prix,20
Formula 1 2018 Rolex Azerbaijan Grand Prix,20
Formula 1 2018 Rolex British Grand Prix,20
Formula 1 2018 Singapore Airlines Singapore Grand Prix,20
Formula 1 2018 VTB Russian Grand Prix,20
Formula 1 AWS Gran Premio de Espana 2023,20
Formula 1 AWS Gran Premio del Made in Italy e dell'Emilia Romagna 2025,20
Formula 1 Aramco British Grand Prix 2023,20
Formula 1 Aramco Gran Premio de Espana 2020,20
Formula 1 Aramco Gran Premio de Espana 2021,20
Formula 1 Aramco Gran Premio de Espana 2024,20
Formula 1 Aramco Grosser Preis der Eifel 2020,20
Formula 1 Aramco Magyar Nagydij 2020,20
Formula 1 Aramco Magyar Nagydij 2022,20
Formula 1 Aramco United States Grand Prix 2021,20
Formula 1 Aramco United States Grand Prix 2022,20
Formula 1 Azerbaijan Grand Prix 2021,20
Formula 1 Azerbaijan Grand Prix 2022,20
Formula 1 Azerbaijan Grand Prix 2023,20
Formula 1 BWT Grosser Preis der Steiermark 2021,20
Formula 1 BWT Grosser Preis von Osterreich 2021,20
Formula 1 Crypto.com Miami Grand Prix 2022,20
Formula 1 Crypto.com Miami Grand Prix 2023,20
Formula 1 Crypto.com Miami Grand Prix 2024,20
Formula 1 Crypto.com Miami Grand Prix 2025,20
Formula 1 DHL Turkish Grand Prix 2020,20
Formula 1 Emirates Gran Premio de Espana 2019,20
Formula 1 Emirates Gran Premio dell'Emilia Romagna 2020,20
Formula 1 Emirates Grand Prix de France 2021,20
Formula 1 Emirates Grosser Preis von Deutschland 2018,20
Formula 1 Emirates United States Grand Prix 2019,20
Formula 1 Etihad Airways Abu Dhabi Grand Prix 2019,20
Formula 1 Etihad Airways Abu Dhabi Grand Prix 2020,20
Formula 1 Etihad Airways Abu Dhabi Grand Prix 2022,20
Formula 1 Etihad Airways Abu Dhabi Grand Prix 2023,20
Formula 1 Etihad Airways Abu Dhabi Grand Prix 2024,20
Formula 1 Etihad Airways Abu Dhabi Grand Prix 2025,20
Formula 1 Eyetime Grosser Preis von Osterreich 2018,20
Formula 1 FlyEmirates Azerbaijan Grand Prix 2017,20
Formula 1 FlyEmirates Grosser Preis von Osterreich 2017,20
Formula 1 Gran Premio Della Toscana Ferrari 1000 2020,20
Formula 1 Gran Premio Foster's di San Marino 2005,20
Formula 1 Gran Premio Heineken d'Italia 2017,20
Formula 1 Gran Premio Heineken d'Italia 2018,20
Formula 1 Gran Premio Heineken d'Italia 2019,20
Formula 1 Gran Premio Heineken d'Italia 2020,20
Formula 1 Gran Premio Marlboro de Espana 2004,20
Formula 1 Gran Premio Santander d'Italia 2008,20
Formula 1 Gran Premio Santander d'Italia 2009,20
Formula 1 Gran Premio Vodafone d'Italia 2004,20
Formula 1 Gran Premio Vodafone d'Italia 2005,20
Formula 1 Gran Premio d'Italia 2015,20
Formula 1 Gran Premio de Espana Emirates 2018,20
Formula 1 Gran Premio de Espana Pirelli 2015,20
Formula 1 Gran Premio de Espana Pirelli 2017,20
Formula 1 Gran Premio de Espana Telefonica 2009,20
Formula 1 Gran Premio de Mexico 2015,20
Formula 1 Gran Premio de Mexico 2017,20
Formula 1 Gran Premio de Mexico 2018,20
Formula 1 Gran Premio de Mexico 2019,20
Formula 1 Gran Premio de la Ciudad de Mexico 2021,20
Formula 1 Gran Premio de la Ciudad de Mexico 2023,20
Formula 1 Gran Premio de la Ciudad de Mexico 2024,20
Formula 1 Gran Premio de la Ciudad de Mexico 2025,20
Formula 1 Grand Prix Heineken du Canada 2018,20
Formula 1 Grand Prix de France 2005,20
Formula 1 Grand Prix de France 2008,20
Formula 1 Grand Prix de Monaco 2004,20
Formula 1 Grand Prix de Monaco 2008,20
Formula 1 Grand Prix de Monaco 2009,20
Formula 1 Grand Prix de Monaco 2015,20
Formula 1 Grand Prix de Monaco 2017,20
Formula 1 Grand Prix de Monaco 2018,20
Formula 1 Grand Prix de Monaco 2019,20
Formula 1 Grand Prix de Monaco 2022,20
Formula 1 Grand Prix de Monaco 2023,20
Formula 1 Grand Prix de Monaco 2024,20
Formula 1 Grand Prix du Canada 2004,20
Formula 1 Grand Prix du Canada 2005,20
Formula 1 Grand Prix du Canada 2008,20
Formula 1 Grand Prix du Canada 2015,20
Formula 1 Grand Prix du Canada 2017,20
Formula 1 Grand Prix du Canada 2022,20
Formula 1 Grand Prix du Canada 2024,20
Formula 1 Grande Premio Heineken do Brasil 2017,20
Formula 1 Grande Premio Heineken do Brasil 2018,20
Formula 1 Grande Premio Petrobras do Brasil 2009,20
Formula 1 Grande Premio Petrobras do Brasil 2015,20
Formula 1 Grande Premio do Brasil 2004,20
Formula 1 Grande Premio do Brasil 2005,20
Formula 1 Grande Premio do Brasil 2008,20
Formula 1 Grosser Mobil 1 Preis von Deutschland 2004,20
Formula 1 Grosser Mobil 1 Preis von Deutschland 2005,20
Formula 1 Grosser Preis Santander von Deutschland 2008,20
Formula 1 Grosser Preis Santander von Deutschland 2009,20
Formula 1 Grosser Preis von Osterreich 2022,20
Formula 1 Gulf Air Bahrain Grand Prix 2019,20
Formula 1 Gulf Air Bahrain Grand Prix 2020,20
Formula 1 Gulf Air Bahrain Grand Prix 2021,20
Formula 1 Gulf Air Bahrain Grand Prix 2022,20
Formula 1 Gulf Air Bahrain Grand Prix 2023,20
Formula 1 Gulf Air Bahrain Grand Prix 2024,20
Formula 1 Gulf Air Bahrain Grand Prix 2025,20
Formula 1 Heineken Australian Grand Prix 2022,20
Formula 1 Heineken Chinese Grand Prix 2019,20
Formula 1 Heineken Chinese Grand Prix 2025,20
Formula 1 Heineken Dutch Grand Prix 2021,20
Formula 1 Heineken Dutch Grand Prix 2022,20
Formula 1 Heineken Dutch Grand Prix 2023,20
Formula 1 Heineken Dutch Grand Prix 2024,20
Formula 1 Heineken Dutch Grand Prix 2025,20
Formula 1 Heineken Gran Premio de la Ciudad de Mexico 2022,20
Formula 1 Heineken Grande Premio de Portugal 2020,20
Formula 1 Heineken Grande Premio de Portugal 2021,20
Formula 1 Heineken Grande Premio de Sao Paulo 2021,20
Formula 1 Heineken Grande Premio de Sao Paulo 2022,20
Formula 1 Heineken Grande Premio do Brasil 2019,20
Formula 1 Heineken Las Vegas Grand Prix 2025,20
Formula 1 Heineken Silver Las Vegas Grand Prix 2023,20
Formula 1 Heineken Silver Las Vegas Grand Prix 2024,20
Formula 1 Honda Japanese Grand Prix 2022,20
Formula 1 Hungarian Grand Prix 2024,20
Formula 1 ING Magyar Nagydij 2008,20
Formula 1 Japanese Grand Prix 2019,20
Formula 1 Johnnie Walker Belgian Grand Prix 2019,20
Formula 1 Lenovo British Grand Prix 2022,20
Formula 1 Lenovo Chinese Grand Prix 2024,20
Formula 1 Lenovo Grand Prix de France 2022,20
Formula 1 Lenovo Grande Premio de Sao Paulo 2024,20
Formula 1 Lenovo Hungarian Grand Prix 2025,20
Formula 1 Lenovo Japanese Grand Prix 2023,20
Formula 1 Lenovo Japanese Grand Prix 2025,20
Formula 1 Lenovo United States Grand Prix 2023,20
Formula 1 Louis Vuitton Australian Grand Prix 2025,20
Formula 1 MSC Cruises Belgian Grand Prix 2023,20
Formula 1 MSC Cruises Gran Premio dell'Emilia Romagna 2024,20
Formula 1 MSC Cruises Grande Premio de Sao Paulo 2025,20
Formula 1 MSC Cruises Japanese Grand Prix 2024,20
Formula 1 MSC Cruises United States Grand Prix 2025,20
Formula 1 Marlboro Magyar Nagydij 2004,20
Formula 1 Marlboro Magyar Nagydij 2005,20
Formula 1 Mercedes-Benz Grosser Preis von Deutschland 2019,20
Formula 1 Mobil 1 Grand Prix de France 2004,20
Formula 1 Moet & Chandon Belgian Grand Prix 2025,20
Formula 1 Ooredoo Qatar Grand Prix 2021,20
Formula 1 Pirelli 2018 United States Grand Prix,20
Formula 1 Pirelli British Grand Prix 2020,20
Formula 1 Pirelli British Grand Prix 2021,20
Formula 1 Pirelli Gran Premio d'Italia 2022,20
Formula 1 Pirelli Gran Premio d'Italia 2024,20
Formula 1 Pirelli Gran Premio de Espana 2022,20
Formula 1 Pirelli Gran Premio del Made in Italy e dell'Emilia Romagna 2021,20
Formula 1 Pirelli Grand Prix de France 2018,20
Formula 1 Pirelli Grand Prix de France 2019,20
Formula 1 Pirelli Grand Prix du Canada 2019,20
Formula 1 Pirelli Grand Prix du Canada 2023,20
Formula 1 Pirelli Grand Prix du Canada 2025,20
Formula 1 Pirelli Grosser Preis der Steiermark 2020,20
Formula 1 Pirelli Magyar Nagydij 2015,20
Formula 1 Pirelli Magyar Nagydij 2017,20
Formula 1 Pirelli United States Grand Prix 2024,20
Formula 1 Qatar Airways Austrian Grand Prix 2024,20
Formula 1 Qatar Airways Azerbaijan Grand Prix 2024,20
Formula 1 Qatar Airways Azerbaijan Grand Prix 2025,20
Formula 1 Qatar Airways British Grand Prix 2024,20
Formula 1 Qatar Airways British Grand Prix 2025,20
Formula 1 Qatar Airways Hungarian Grand Prix 2023,20
Formula 1 Qatar Airways Qatar Grand Prix 2024,20
Formula 1 Qatar Airways Qatar Grand Prix 2025,20
Formula 1 Rolex Australian Grand Prix 2019,20
Formula 1 Rolex Australian Grand Prix 2023,20
Formula 1 Rolex Belgian Grand Prix 2021,20
Formula 1 Rolex Belgian Grand Prix 2022,20
Formula 1 Rolex Belgian Grand Prix 2024,20
Formula 1 Rolex British Grand Prix 2019,20
Formula 1 Rolex Gran Premio dell'Emilia Romagna 2022,20
Formula 1 Rolex Grande Premio de Sao Paulo 2023,20
Formula 1 Rolex Grosser Preis von Osterreich 2015,20
Formula 1 Rolex Grosser Preis von Osterreich 2020,20
Formula 1 Rolex Grosser Preis von Osterreich 2023,20
Formula 1 Rolex Magyar Nagydij 2018,20
Formula 1 Rolex Magyar Nagydij 2019,20
Formula 1 Rolex Magyar Nagydij 2021,20
Formula 1 Rolex Sakhir Grand Prix 2020,20
Formula 1 Rolex Turkish Grand Prix 2021,20
Formula 1 SOCAR Azerbaijan Grand Prix 2019,20
Formula 1 Singapore Airlines Singapore Grand Prix 2019,20
Formula 1 Singapore Airlines Singapore Grand Prix 2022,20
Formula 1 Singapore Airlines Singapore Grand Prix 2024,20
Formula 1 Singapore Airlines Singapore Grand Prix 2025,20
Formula 1 TAG Heuer Grand Prix de Monaco 2025,20
Formula 1 VTB Russian Grand Prix 2019,20
Formula 1 VTB Russian Grand Prix 2020,20
Formula 1 VTB Russian Grand Prix 2021,20
Formula 1 myWorld Grosser Preis von Osterreich 2019,20
Formula 1 stc Saudi Arabian Grand Prix 2021,20
Formula 1 stc Saudi Arabian Grand Prix 2023,20
Formula 1 stc Saudi Arabian Grand Prix 2024,20
Formula 1 stc Saudi Arabian Grand Prix 2025,20
Gran Premio Foster's di San Marino 2003,20
Gran Premio Foster's di San Marino 2004,20
Gran Premio Marlboro de Espana 1996,20
Gran Premio Marlboro de Espana 2002,20
Gran Premio Marlboro de Espana 2003,20
Gran Premio Vodafone d'Italia 2002,20
Gran Premio Vodafone d'Italia 2003,20
Gran Premio d'Italia 1954,20
Gran Premio d'Italia 1963,20
Gran Premio d'Italia 1964,20
Gran Premio d'Italia 1966,20
Gran Premio d'Italia 1968,20
Gran Premio d'Italia 1970,20
Gran Premio de Espana 1951,20
Grand Prix Air Canada 2003,20
Grand Prix de France 1952,20
Grand Prix de France 1956,20
Grand Prix de France 1960,20
Grand Prix de France 1970,20
Grand Prix de Monaco 1950,20
Grand Prix de Monaco 1955,20
Grand Prix de Monaco 1976,20
Grand Prix de Monaco 1977,20
Grand Prix de Monaco 1978,20
Grand Prix de Monaco 1979,20
Grand Prix de Monaco 1980,20
Grand Prix de Monaco 1981,20
Grand Prix de Monaco 1982,20
Grand Prix de Monaco 1983,20
Grand Prix de Monaco 1985,20
Grand Prix de Monaco 1986,20
Grande Premio de Portugal 1996,20
Grande Premio Marlboro do Brasil 2000,20
Grande Premio do Brasil 1973,20
Grande Premio do Brasil 2003,20
Grosser Mobil 1 Preis von Deutschland 2003,20
Grosser Preis der Schweiz 1953,20
Grosser Preis von Deutschland 1968,20
Grosser Preis von Osterreich 1964,20
Grote Prijs van Nederland 1962,20
Grote Prijs van Nederland 1970,20
Marlboro Magyar Nagydij 1996,20
Marlboro Magyar Nagydij 2002,20
Marlboro Magyar Nagydij 2003,20
Mobil 1 Grand Prix de France 2003,20
Pioneer Gran Premio d'Italia 1996,20
Player's Canadian Grand Prix 1968,20
Player's Canadian Grand Prix 1969,20
Player's Canadian Grand Prix 1970,20
South African Grand Prix 1963,20
South African Grand Prix 1965,20
Southern Sun Hotels South African Grand Prix 1985,20
1950 RAC British Grand Prix,21
1961 Belgian Grand Prix,21
1962 RAC British Grand Prix,21
1963 United States Grand Prix,21
1965 RAC British Grand Prix,21
1967 RAC British Grand Prix,21
1998 Fuji Television Japanese Grand Prix,21
2000 Warsteiner Grand Prix of Europe,21
2001 Foster's British Grand Prix,21
2002 Foster's British Grand Prix,21
2014 Formula 1 Russian Grand Prix,21
Gran Premio Marlboro de Espana 1998,21
Gran Premio d'Italia 1958,21
Gran Premio d'Italia 1959,21
Gran Premio d'Italia 1962,21
Gran Premio de Argentina 1955,21
Gran Premio de Argentina 1977,21
Gran Premio de Espana 1954,21
Gran Premio de Mexico 1963,21
Gran Premio de Mexico 1968,21
Gran Premio di San Marino 1996,21
Gran Premio di San Marino 2002,21
Grand Prix de France 1954,21
Grand Prix de France 1958,21
Grand Prix de France 1959,21
Grand Prix de France 1996,21
Grand Prix de Monaco 1998,21
Grande Premio Marlboro do Brasil 1999,21
Grosser Mobil 1 Preis von Deutschland 1998,21
Grosser Mobil 1 Preis von Deutschland 2002,21
Grosser Preis der Schweiz 1951,21
Grosser Preis von Deutschland 1956,21
Grosser Preis von Deutschland 1970,21
Grosser Preis von Osterreich 1997,21
Hitachi Sveriges Grand Prix 1973,21
Marlboro Magyar Nagydij 1998,21
1952 Belgian Grand Prix,22
1977 Long Beach Grand Prix,22
1978 Long Beach Grand Prix,22
1997 Belgian Grand Prix,22
1997 Fuji Television Japanese Grand Prix,22
1997 Grand Prix of Europe,22
1997 Qantas Australian Grand Prix,22
1997 RAC British Grand Prix,22
1998 Foster's Belgian Grand Prix,22
1998 Qantas Australian Grand Prix,22
1998 RAC British Grand Prix,22
1999 Foster's Belgian Grand Prix,22
1999 Fuji Television Japanese Grand Prix,22
1999 Petronas Malaysian Grand Prix,22
1999 Qantas Australian Grand Prix,22
1999 RAC British Grand Prix,22
1999 Warsteiner Grand Prix of Europe,22
2000 Foster's Belgian Grand Prix,22
2000 Foster's British Grand Prix,22
2000 Fuji Television Japanese Grand Prix,22
2000 Petronas Malaysian Grand Prix,22
2000 Qantas Australian Grand Prix,22
2000 SAP United States Grand Prix,22
2001 Foster's Belgian Grand Prix,22
2001 Fuji Television Japanese Grand Prix,22
2001 Petronas Malaysian Grand Prix,22
2001 Qantas Australian Grand Prix,22
2001 SAP United States Grand Prix,22
2001 Warsteiner Grand Prix of Europe,22
2002 Allianz Grand Prix of Europe,22
2002 Foster's Australian Grand Prix,22
2002 Petronas Malaysian Grand Prix,22
2006 Formula 1 Foster's Australian Grand Prix,22
2006 Formula 1 Foster's British Grand Prix,22
2006 Formula 1 Fuji Television Japanese Grand Prix,22
2006 Formula 1 Grand Prix of Europe,22
2006 Formula 1 Gulf Air Bahrain Grand Prix,22
2006 Formula 1 Petrol Ofisi Turkish Grand Prix,22
2006 Formula 1 Petronas Malaysian Grand Prix,22
2006 Formula 1 Sinopec Chinese Grand Prix,22
2006 United States Grand Prix,22
2007 Formula 1 Fuji Television Japanese Grand Prix,22
2007 Formula 1 Grand Prix of Europe,22
2007 Formula 1 Gulf Air Bahrain Grand Prix,22
2007 Formula 1 ING Australian Grand Prix,22
2007 Formula 1 ING Belgian Grand Prix,22
2007 Formula 1 Petrol Ofisi Turkish Grand Prix,22
2007 Formula 1 Petronas Malaysian Grand Prix,22
2007 Formula 1 Santander British Grand Prix,22
2007 Formula 1 Sinopec Chinese Grand Prix,22
2007 RBS United States Grand Prix,22
2008 Formula 1 Gulf Air Bahrain Grand Prix,22
2008 Formula 1 ING Australian Grand Prix,22
2008 Formula 1 Petronas Malaysian Grand Prix,22
2011 Formula 1 Qantas Australian Grand Prix,22
2012 Formula 1 Qantas Australian Grand Prix,22
2013 Formula 1 Airtel Indian Grand Prix,22
2013 Formula 1 Etihad Airways Abu Dhabi Grand Prix,22
2013 Formula 1 Gulf Air Bahrain Grand Prix,22
2013 Formula 1 Japanese Grand Prix,22
2013 Formula 1 Korean Grand Prix,22
2013 Formula 1 Petronas Malaysia Grand Prix,22
2013 Formula 1 Rolex Australian Grand Prix,22
2013 Formula 1 Santander British Grand Prix,22
2013 Formula 1 Shell Belgian Grand Prix,22
2013 Formula 1 SingTel Singapore Grand Prix,22
2013 Formula 1 UBS Chinese Grand Prix,22
2013 Formula 1 United States Grand Prix,22
2014 Formula 1 Gulf Air Bahrain Grand Prix,22
2014 Formula 1 Japanese Grand Prix,22
2014 Formula 1 Petronas Malaysia Grand Prix,22
2014 Formula 1 Rolex Australian Grand Prix,22
2014 Formula 1 Santander British Grand Prix,22
2014 Formula 1 Shell Belgian Grand Prix,22
2014 Formula 1 Singapore Airlines Singapore Grand Prix,22
2014 Formula 1 UBS Chinese Grand Prix,22
2016 Formula 1 Belgian Grand Prix,22
2016 Formula 1 British Grand Prix,22
2016 Formula 1 Emirates Japanese Grand Prix,22
2016 Formula 1 Etihad Airways Abu Dhabi Grand Prix,22
2016 Formula 1 Gulf Air Bahrain Grand Prix,22
2016 Formula 1 Petronas Malaysia Grand Prix,22
2016 Formula 1 Pirelli Chinese Grand Prix,22
2016 Formula 1 Rolex Australian Grand Prix,22
2016 Formula 1 Russian Grand Prix,22
2016 Formula 1 Singapore Airlines Singapore Grand Prix,22
2016 Formula 1 United States Grand Prix,22
Formula 1 DHL Grosser Preis Von Osterreich 2014,22
Formula 1 Gran Premio Foster's di San Marino 2006,22
Formula 1 Gran Premio Heineken d'Italia 2016,22
Formula 1 Gran Premio Telefonica de Espana 2006,22
Formula 1 Gran Premio Vodafone d'Italia 2006,22
Formula 1 Gran Premio d'Italia 2007,22
Formula 1 Gran Premio d'Italia 2013,22
Formula 1 Gran Premio d'Italia 2014,22
Formula 1 Gran Premio de Espana 2013,22
Formula 1 Gran Premio de Espana Pirelli 2014,22
Formula 1 Gran Premio de Espana Pirelli 2016,22
Formula 1 Gran Premio de Espana Telefonica 2007,22
Formula 1 Gran Premio de Espana Telefonica 2008,22
Formula 1 Gran Premio de Mexico 2016,22
Formula 1 Grand Prix de France 2006,22
Formula 1 Grand Prix de France 2007,22
Formula 1 Grand Prix de Monaco 2006,22
Formula 1 Grand Prix de Monaco 2007,22
Formula 1 Grand Prix de Monaco 2013,22
Formula 1 Grand Prix de Monaco 2014,22
Formula 1 Grand Prix de Monaco 2016,22
Formula 1 Grand Prix du Canada 2006,22
Formula 1 Grand Prix du Canada 2007,22
Formula 1 Grand Prix du Canada 2013,22
Formula 1 Grand Prix du Canada 2014,22
Formula 1 Grand Prix du Canada 2016,22
Formula 1 Grande Premio Petrobras do Brasil 2013,22
Formula 1 Grande Premio do Brasil 2006,22
Formula 1 Grande Premio do Brasil 2007,22
Formula 1 Grande Premio do Brasil 2016,22
Formula 1 Grosser Mobil 1 Preis von Deutschland 2006,22
Formula 1 Grosser Preis Santander von Deutschland 2013,22
Formula 1 Grosser Preis Santander von Deutschland 2014,22
Formula 1 Grosser Preis von Deutschland 2016,22
Formula 1 Magyar Nagydij 2006,22
Formula 1 Magyar Nagydij 2007,22
Formula 1 Magyar Nagydij 2013,22
Formula 1 Magyar Nagydij 2016,22
Formula 1 Pirelli Grosser Preis von Osterreich 2016,22
Formula 1 Pirelli Magyar Nagydij 2014,22
Formula 1 Rolex Grand Prix of Europe 2016,22
Gran Premio Campari d'Italia 1998,22
Gran Premio Campari d'Italia 1999,22
Gran Premio Campari d'Italia 2000,22
Gran Premio Campari d'Italia 2001,22
Gran Premio Campari d'ltalia 1997,22
Gran Premio Marlboro de Argentina 1996,22
Gran Premio Marlboro de Argentina 1997,22
Gran Premio Marlboro de Argentina 1998,22
Gran Premio Marlboro de Espana 1997,22
Gran Premio Marlboro de Espana 1999,22
Gran Premio Marlboro de Espana 2000,22
Gran Premio Marlboro de Espana 2001,22
Gran Premio Warsteiner di San Marino 1999,22
Gran Premio Warsteiner di San Marino 2000,22
Gran Premio Warsteiner di San Marino 2001,22
Gran Premio d'Italia 1951,22
Gran Premio d'Italia 1955,22
Gran Premio de Argentina 1960,22
Gran Premio de Argentina 1972,22
Gran Premio de Espana 1971,22
Gran Premio de Espana 1973,22
Gran Premio di San Marino 1997,22
Gran Premio di San Marino 1998,22
Grand Prix Air Canada 1999,22
Grand Prix Air Canada 2000,22
Grand Prix Air Canada 2001,22
Grand Prix Air Canada 2002,22
Grand Prix Mobil 1 de France 1998,22
Grand Prix Molson du Canada 1996,22
Grand Prix Player's du Canada 1997,22
Grand Prix Player's du Canada 1998,22
Grand Prix de France 1974,22
Grand Prix de France 1977,22
Grand Prix de France 1997,22
Grand Prix de Monaco 1996,22
Grand Prix de Monaco 1997,22
Grand Prix de Monaco 1999,22
Grand Prix de Monaco 2000,22
Grand Prix de Monaco 2001,22
Grand Prix de Monaco 2002,22
Grand Prix du Canada 1978,22
Grande Premio Marlboro do Brasil 1998,22
Grande Premio Marlboro do Brasil 2001,22
Grande Premio do Brasil 1976,22
Grande Premio do Brasil 1977,22
Grande Premio do Brasil 1996,22
Grande Premio do Brasil 1997,22
Grande Premio do Brasil 2002,22
Grosser A1 Preis von Osterreich 2000,22
Grosser A1 Preis von Osterreich 2001,22
Grosser A1 Preis von Osterreich 2002,22
Grosser Mobil 1 Preis von Deutschland 1997,22
Grosser Mobil 1 Preis von Deutschland 1999,22
Grosser Mobil 1 Preis von Deutschland 2000,22
Grosser Mobil 1 Preis von Deutschland 2001,22
Grosser Preis der Schweiz 1952,22
Grosser Preis von Deutschland 1951,22
Grosser Preis von Deutschland 1963,22
Grosser Preis von Deutschland 1964,22
Grosser Preis von Deutschland 1969,22
Grosser Preis von Deutschland 1971,22
Grosser Preis von Deutschland 1973,22
Grosser Preis von Luxemburg 1997,22
Grosser Preis von Osterreich 1971,22
Grosser Preis von Osterreich 1998,22
Grosser Preis von Osterreich 1999,22
Grosser Warsteiner Preis von Luxemburg 1998,22
Marlboro Magyar Nagydij 1997,22
Marlboro Magyar Nagydij 1999,22
Marlboro Magyar Nagydij 2000,22
Marlboro Magyar Nagydij 2001,22
Mobil 1 Grand Prix de France 1999,22
Mobil 1 Grand Prix de France 2000,22
Mobil 1 Grand Prix de France 2001,22
1960 United States Grand Prix,23
1963 RAC British Grand Prix,23
1964 RAC British Grand Prix,23
1970 RAC British Grand Prix,23
1973 Belgian Grand Prix,23
1977 Japanese Grand Prix,23
1995 EDS Australian Grand Prix,23
1995 Fuji Television Japanese Grand Prix,23
2012 Formula 1 Grand Prix of Europe,23
Formula 1 Grand Prix de Monaco 2011,23
Gran Premio d'Italia 1965,23
Gran Premio de Argentina 1975,23
Grand Prix de France 1951,23
Grand Prix de France 1971,23
Grand Prix de France 1981,23
Grande Premio do Brasil 1975,23
Grande Premio do Brasil 1987,23
Grosser Preis von Deutschland 1954,23
Grosser Preis von Osterreich 1973,23
South African Grand Prix 1968,23
South African Grand Prix 1970,23
The Citizen Grand Prix of South Africa 1977,23
1959 RAC British Grand Prix,24
1960 RAC British Grand Prix,24
1970 United States Grand Prix,24
1971 Woolmark British Grand Prix,24
1975 Belgian Grand Prix,24
1975 United States Grand Prix,24
1978 Belgian Grand Prix,24
1979 Belgian Grand Prix,24
1979 Lubri Lon Long Beach Grand Prix,24
1979 Marlboro British Grand Prix,24
1979 Toyota United States Grand Prix,24
1980 Belgian Grand Prix,24
1980 Marlboro British Grand Prix,24
1980 Toyota Grand Prix of Long Beach,24
1981 Belgian Grand Prix,24
1981 Caesars Palace Grand Prix,24
1981 Marlboro British Grand Prix,24
1981 Toyota Grand Prix of Long Beach,24
1984 Belgian Grand Prix,24
1984 Dallas Grand Prix,24
1984 Detroit Grand Prix,24
1985 Belgian Grand Prix,24
1993 Foster's Australian Grand Prix,24
1993 Fuji Television Japanese Grand Prix,24
1995 Belgian Grand Prix,24
1995 Grand Prix of Europe,24
1995 Pacific Grand Prix,24
1995 RAC British Grand Prix,24
2010 Formula 1 Belgian Grand Prix,24
2010 Formula 1 Chinese Grand Prix,24
2010 Formula 1 Etihad Airways Abu Dhabi Grand Prix,24
2010 Formula 1 Gulf Air Bahrain Grand Prix,24
2010 Formula 1 Japanese Grand Prix,24
2010 Formula 1 Korean Grand Prix,24
2010 Formula 1 Petronas Malaysian Grand Prix,24
2010 Formula 1 Qantas Australian Grand Prix,24
2010 Formula 1 Santander British Grand Prix,24
2010 Formula 1 SingTel Singapore Grand Prix,24
2010 Formula 1 Telefonica Grand Prix of Europe,24
2010 Formula 1 Turkish Grand Prix,24
2011 Formula 1 Airtel Grand Prix of India,24
2011 Formula 1 DHL Turkish Grand Prix,24
2011 Formula 1 Etihad Airways Abu Dhabi Grand Prix,24
2011 Formula 1 Grand Prix of Europe,24
2011 Formula 1 Japanese Grand Prix,24
2011 Formula 1 Korean Grand Prix,24
2011 Formula 1 Santander British Grand Prix,24
2011 Formula 1 Shell Belgian Grand Prix,24
2011 Formula 1 SingTel Singapore Grand Prix,24
2011 Formula 1 UBS Chinese Grand Prix,24
2011 Petronas Malaysia Grand Prix,24
2012 Formula 1 Airtel Indian Grand Prix,24
2012 Formula 1 Etihad Airways Abu Dhabi Grand Prix,24
2012 Formula 1 Gulf Air Bahrain Grand Prix,24
2012 Formula 1 Japanese Grand Prix,24
2012 Formula 1 Korean Grand Prix,24
2012 Formula 1 Petronas Malaysia Grand Prix,24
2012 Formula 1 Santander British Grand Prix,24
2012 Formula 1 Shell Belgian Grand Prix,24
2012 Formula 1 SingTel Singapore Grand Prix,24
2012 Formula 1 UBS Chinese Grand Prix,24
2012 Formula 1 United States Grand Prix,24
Formula 1 Eni Magyar Nagydij 2012,24
Formula 1 Eni Magyar Nagydij 2010,24
Formula 1 Eni Magyar Nagydij 2011,24
Formula 1 Gran Premio Santander d'Italia 2010,24
Formula 1 Gran Premio Santander d'Italia 2011,24
Formula 1 Gran Premio Santander d'Italia 2012,24
Formula 1 Gran Premio de Espana Santander 2011,24
Formula 1 Gran Premio de Espana Santander 2012,24
Formula 1 Gran Premio de Espana Telefonica 2010,24
Formula 1 Grand Prix de Monaco 2010,24
Formula 1 Grand Prix de Monaco 2012,24
Formula 1 Grand Prix du Canada 2010,24
Formula 1 Grand Prix du Canada 2011,24
Formula 1 Grand Prix du Canada 2012,24
Formula 1 Grande Premio Petrobras do Brasil 2010,24
Formula 1 Grande Premio Petrobras do Brasil 2011,24
Formula 1 Grande Premio Petrobras do Brasil 2012,24
Formula 1 Grosser Preis Santander von Deutschland 2010,24
Formula 1 Grosser Preis Santander von Deutschland 2011,24
Formula 1 Grosser Preis Santander von Deutschland 2012,24
Gislaved Sveriges Grand Prix 1977,24
Gran Premio d'Italia 1952,24
Gran Premio d'Italia 1956,24
Gran Premio d'Italia 1971,24
Gran Premio d'Italia 1973,24
Gran Premio d'Italia 1977,24
Gran Premio d'Italia 1978,24
Gran Premio d'Italia 1979,24
Gran Premio d'Italia 1980,24
Gran Premio d'Italia 1981,24
Gran Premio de Argentina 1978,24
Gran Premio de Argentina 1980,24
Gran Premio de Argentina 1981,24
Gran Premio de Espana 1976,24
Gran Premio de Espana 1978,24
Gran Premio de Espana 1979,24
Gran Premio de Espana 1981,24
Gran Premio di San Marino 1981,24
Gran Premio di San Marino 1984,24
Grand Prix Labatt du Canada 1980,24
Grand Prix Labatt du Canada 1981,24
Grand Prix Labatt du Canada 1984,24
Grand Prix Labatt du Canada 1986,24
Grand Prix Molson du Canada 1995,24
Grand Prix de France 1972,24
Grand Prix de France 1979,24
Grand Prix de France 1980,24
Grand Prix de France 1984,24
Grand Prix de France 1995,24
Grand Prix de Monaco 1987,24
Grand Prix de Monaco 1994,24
Grand Prix du Canada 1979,24
Grande Premio de Portugal 1995,24
Grande Premio do Brasil 1978,24
Grande Premio do Brasil 1979,24
Grande Premio do Brasil 1980,24
Grande Premio do Brasil 1981,24
Grande Premio do Brasil 1984,24
Grosser Mobil 1 Preis von Deutschland 1995,24
Grosser Preis von Deutschland 1957,24
Grosser Preis von Deutschland 1978,24
Grosser Preis von Deutschland 1979,24
Grosser Preis von Deutschland 1980,24
Grosser Preis von Deutschland 1981,24
Grosser Preis von Osterreich 1970,24
Grosser Preis von Osterreich 1979,24
Grosser Preis von Osterreich 1980,24
Grosser Preis von Osterreich 1981,24
Grote Prijs van Nederland 1971,24
Grote Prijs van Nederland 1973,24
Grote Prijs van Nederland 1975,24
Grote Prijs van Nederland 1979,24
Grote Prijs van Nederland 1980,24
Labatt's Canadian Grand Prix 1972,24
Labatt's Canadian Grand Prix 1976,24
Marlboro Magyar Nagydij 1995,24
National Panasonic South African Grand Prix 1984,24
Pioneer Gran Premio d'ltalia 1995,24
Simba Grand Prix of South Africa 1979,24
South African Grand Prix 1980,24
Sveriges Grand Prix 1978,24
1955 RAC British Grand Prix,25
1958 Morocco Grand Prix,25
1972 Belgian Grand Prix,25
1974 John Player British Grand Prix,25
1976 Japanese Grand Prix,25
1980 Toyota United States Grand Prix,25
1984 John Player British Grand Prix,25
1985 Detroit Grand Prix,25
1985 Mitsubishi Australian Grand Prix,25
1986 Belgian Grand Prix,25
1987 Shell Oils British Grand Prix,25
1990 Fuji Television Japanese Grand Prix,25
1993 Belgian Grand Prix,25
1993 Foster's British Grand Prix,25
1993 SEGA European Grand Prix,25
Gran Premio Tio Pepe de Espana 1986,25
Gran Premio Tio Pepe de Espana 1990,25
Gran Premio d'Italia 1972,25
Gran Premio d'Italia 1974,25
Gran Premio de Argentina 1979,25
Gran Premio de Espana 1972,25
Gran Premio de Espana 1974,25
Gran Premio de Espana 1975,25
Gran Premio de Espana 1977,25
Gran Premio de Espana 1993,25
Gran Premio di San Marino 1993,25
Gran Premio di San Marino 1994,25
Grand Prix Labatt du Canada 1985,25
Grand Prix Molson du Canada 1993,25
Grand Prix de France 1953,25
Grand Prix de France 1973,25
Grand Prix de France 1985,25
Grand Prix de Monaco 1972,25
Grand Prix de Monaco 1973,25
Grand Prix de Monaco 1993,25
Grande Premio de Portugal 1990,25
Grande Premio do Brasil 1974,25
Grande Premio do Brasil 1985,25
Grande Premio do Brasil 1986,25
Grande Premio do Brasil 1993,25
Grosser Preis von Deutschland 1958,25
Grosser Preis von Deutschland 1967,25
Grosser Preis von Deutschland 1975,25
Grosser Preis von Deutschland 1977,25
Grosser Preis von Deutschland 1984,25
Grosser Preis von Osterreich 1972,25
Grosser Preis von Osterreich 1974,25
Grosser Preis von Osterreich 1976,25
Grote Prijs van Nederland 1974,25
Grote Prijs van Nederland 1981,25
Grote Prijs van Nederland 1984,25
Labatt's Canadian Grand Prix 1977,25
Player's Canadian Grand Prix 1971,25
Rhone Poulenc Grand Prix de France 1993,25
South African Grand Prix 1971,25
South African Grand Prix 1973,25
The Citizen Grand Prix of South Africa 1976,25
1972 John Player British Grand Prix,26
1975 John Player British Grand Prix,26
1976 Belgian Grand Prix,26
1976 John Player British Grand Prix,26
1976 United States Grand Prix,26
1977 Belgian Grand Prix,26
1977 John Player British Grand Prix,26
1977 Toyota United States Grand Prix,26
1978 John Player British Grand Prix,26
1978 Toyota United States Grand Prix,26
1982 Belgian Grand Prix,26
1982 Caesars Palace Grand Prix,26
1982 Detroit Grand Prix,26
1982 Marlboro British Grand Prix,26
1982 Toyota Grand Prix of Long Beach,26
1983 Belgian Grand Prix,26
1983 Detroit Grand Prix,26
1983 John Player Grand Prix of Europe,26
1983 Marlboro British Grand Prix,26
1983 Toyota Grand Prix of Long Beach,26
1985 Marlboro British Grand Prix,26
1985 Shell Oils Grand Prix of Europe,26
1986 Detroit Grand Prix,26
1986 Foster's Australian Grand Prix,26
1986 Shell Oils British Grand Prix,26
1987 Belgian Grand Prix,26
1987 Detroit Grand Prix,26
1987 Foster's Australian Grand Prix,26
1987 Fuji Television Japanese Grand Prix,26
1988 Belgian Grand Prix,26
1988 Enichem Detroit Grand Prix,26
1988 Foster's Australian Grand Prix,26
1988 Fuji Television Japanese Grand Prix,26
1988 Shell Oils British Grand Prix,26
1989 Belgian Grand Prix,26
1989 Foster's Australian Grand Prix,26
1989 Fuji Television Japanese Grand Prix,26
1989 Iceberg USA Grand Prix,26
1989 Shell British Grand Prix,26
1990 Belgian Grand Prix,26
1990 Foster's Australian Grand Prix,26
1990 Foster's British Grand Prix,26
1990 Iceberg USA Grand Prix,26
1991 Belgian Grand Prix,26
1991 Foster's Australian Grand Prix,26
1991 Foster's British Grand Prix,26
1991 Fuji Television Japanese Grand Prix,26
1991 Iceberg USA Grand Prix,26
1992 Belgian Grand Prix,26
1992 Foster's Australian Grand Prix,26
1992 Foster's British Grand Prix,26
1992 Fuji Television Japanese Grand Prix,26
1994 Adelaide Australian Grand Prix,26
1994 Belgian Grand Prix,26
1994 Fuji Television Japanese Grand Prix,26
1994 Grand Prix of Europe,26
1994 Pacific Grand Prix,26
1994 RAC British Grand Prix,26
Coca Cola Gran Premio d'Italia 1988,26
Coca Cola Gran Premio d'Italia 1989,26
Coca Cola Gran Premio d'Italia 1990,26
Coca Cola Gran Premio d'Italia 1991,26
Gislaved Sveriges Grand Prix 1976,26
Gran Premio Iceberg di San Marino 1992,26
Gran Premio Kronenbourg di San Marino 1988,26
Gran Premio Kronenbourg di San Marino 1989,26
Gran Premio Marlboro de Argentina 1995,26
Gran Premio Marlboro de Espana 1994,26
Gran Premio Marlboro de Espana 1995,26
Gran Premio Tio Pepe de Espana 1987,26
Gran Premio Tio Pepe de Espana 1988,26
Gran Premio Tio Pepe de Espana 1989,26
Gran Premio Tio Pepe de Espana 1991,26
Gran Premio Tio Pepe de Espana 1992,26
Gran Premio d'Italia 1975,26
Gran Premio d'Italia 1982,26
Gran Premio d'Italia 1983,26
Gran Premio d'Italia 1984,26
Gran Premio d'Italia 1985,26
Gran Premio d'Italia 1987,26
Gran Premio de Argentina 1974,26
Gran Premio de Mexico 1986,26
Gran Premio de Mexico 1987,26
Gran Premio de Mexico 1988,26
Gran Premio de Mexico 1989,26
Gran Premio de Mexico 1990,26
Gran Premio de Mexico 1991,26
Gran Premio de Mexico 1992,26
Gran Premio di San Marino 1983,26
Gran Premio di San Marino 1985,26
Gran Premio di San Marino 1986,26
Gran Premio di San Marino 1987,26
Gran Premio di San Marino 1990,26
Gran Premio di San Marino 1991,26
Gran Premio di San Marino 1995,26
Grand Prix Labatt du Canada 1982,26
Grand Prix Labatt du Canada 1983,26
Grand Prix Molson du Canada 1988,26
Grand Prix Molson du Canada 1989,26
Grand Prix Molson du Canada 1990,26
Grand Prix Molson du Canada 1991,26
Grand Prix Molson du Canada 1992,26
Grand Prix Molson du Canada 1994,26
Grand Prix de France 1961,26
Grand Prix de France 1975,26
Grand Prix de France 1978,26
Grand Prix de France 1982,26
Grand Prix de France 1983,26
Grand Prix de France 1986,26
Grand Prix de France 1987,26
Grand Prix de France 1994,26
Grand Prix de Monaco 1988,26
Grand Prix de Monaco 1989,26
Grand Prix de Monaco 1990,26
Grand Prix de Monaco 1991,26
Grand Prix de Monaco 1992,26
Grand Prix de Monaco 1995,26
Grande Premio SG Gigante de Portugal 1992,26
Grande Premio de Portugal 1985,26
Grande Premio de Portugal 1987,26
Grande Premio de Portugal 1988,26
Grande Premio de Portugal 1989,26
Grande Premio de Portugal 1991,26
Grande Premio de Portugal 1993,26
Grande Premio de Portugal 1994,26
Grande Premio do Brasil 1982,26
Grande Premio do Brasil 1983,26
Grande Premio do Brasil 1988,26
Grande Premio do Brasil 1989,26
Grande Premio do Brasil 1990,26
Grande Premio do Brasil 1991,26
Grande Premio do Brasil 1992,26
Grande Premio do Brasil 1994,26
Grande Premio do Brasil 1995,26
Grosser Mobil 1 Preis von Deutschland 1989,26
Grosser Mobil 1 Preis von Deutschland 1990,26
Grosser Mobil 1 Preis von Deutschland 1991,26
Grosser Mobil 1 Preis von Deutschland 1992,26
Grosser Mobil 1 Preis von Deutschland 1993,26
Grosser Mobil 1 Preis von Deutschland 1994,26
Grosser Preis der Schweiz 1982,26
Grosser Preis von Deutschland 1961,26
Grosser Preis von Deutschland 1962,26
Grosser Preis von Deutschland 1974,26
Grosser Preis von Deutschland 1976,26
Grosser Preis von Deutschland 1982,26
Grosser Preis von Deutschland 1983,26
Grosser Preis von Deutschland 1986,26
Grosser Preis von Europa 1984,26
Grosser Preis von Osterreich 1977,26
Grosser Preis von Osterreich 1978,26
Grosser Preis von Osterreich 1982,26
Grosser Preis von Osterreich 1983,26
Grosser Preis von Osterreich 1984,26
Grosser Preis von Osterreich 1985,26
Grosser Preis von Osterreich 1986,26
Grosser Preis von Osterreich 1987,26
Grote Prijs van Nederland 1976,26
Grote Prijs van Nederland 1977,26
Grote Prijs van Nederland 1978,26
Grote Prijs van Nederland 1982,26
Grote Prijs van Nederland 1983,26
Grote Prijs van Nederland 1985,26
Labatt's Canadian Grand Prix 1973,26
Labatt's Canadian Grand Prix 1974,26
Lucky Strike Grand Prix of South Africa 1975,26
Magyar Nagydij 1986,26
Magyar Nagydij 1987,26
Magyar Nagydij 1990,26
Magyar Nagydij 1991,26
Marlboro Magyar Nagydij 1992,26
Marlboro Magyar Nagydij 1993,26
Marlboro Magyar Nagydij 1994,26
Mobil 1 Grosser Preis von Deutschland 1988,26
Mobil Grosser Preis von Deutschland 1987,26
Panasonic South African Grand Prix 1993,26
Pioneer Gran Premio d'Italia 1992,26
Pioneer Gran Premio d'Italia 1993,26
Pioneer Gran Premio d'Italia 1994,26
Polar Sveriges Grand Prix 1975,26
Pop 84 Magyar Nagydij 1988,26
Pop 84 Magyar Nagydij 1989,26
Rhone Poulenc Grand Prix de France 1988,26
Rhone Poulenc Grand Prix de France 1989,26
Rhone Poulenc Grand Prix de France 1990,26
Rhone Poulenc Grand Prix de France 1991,26
Rhone Poulenc Grand Prix de France 1992,26
South African Grand Prix 1972,26
South African Grand Prix 1982,26
Southern Sun Hotels South African Grand Prix 1983,26
Texaco Sveriges Grand Prix 1974,26
The Citizen and Asseng Grand Prix of South Africa 1978,26
Yellow Pages South African Grand Prix 1992,26
1973 United States Grand Prix,27
1974 United States Grand Prix,27
Gran Premio d'Italia 1950,27
Gran Premio d'Italia 1976,27
Gran Premio d'Italia 1986,27
Grand Prix de France 1976,27
Grand Prix de Monaco 1974,27
Grande Premio de Portugal 1984,27
Grande Premio de Portugal 1986,27
Grosser Preis von Deutschland 1966,27
Grosser Preis von Deutschland 1972,27
Grosser Preis von Deutschland 1985,27
Lucky Strike Grand Prix of South Africa 1974,27
1953 RAC British Grand Prix,28
1956 RAC British Grand Prix,28
Grosser Preis von Osterreich 1975,28
1971 United States Grand Prix,29
1973 John Player British Grand Prix,29
1961 RAC British Grand Prix,30
Gran Premio d'Italia 1953,30
Grosser Preis von Deutschland 1952,30
1952 RAC British Grand Prix,31
1972 United States Grand Prix,31
1974 Belgian Grand Prix,31
1954 RAC British Grand Prix,32
Gran Premio d'Italia 1961,32
1950 Indianapolis 500,33
1951 Indianapolis 500,33
1952 Indianapolis 500,33
1953 Indianapolis 500,33
1954 Indianapolis 500,33
1955 Indianapolis 500,33
1956 Indianapolis 500,33
1957 Indianapolis 500,33
1958 Indianapolis 500,33
1959 Indianapolis 500,33
1960 Indianapolis 500,33
Grosser Preis von Deutschland 1953,34
